;PRESUPUESTOS GENERALES DEL ESTADO;
;ESTADO;
;;
;;
;Sección: 20 MINISTERIO DE ENERGÍA, TURISMO Y AGENDA DIGITAL;
;EJERCICIO PRESUPUESTARIO 2017;
;
;(Miles de euros);
;
;Servicio;Programa;Económica;Explicación;;Total;
v;01;;;MINISTERIO, SUBSECRETARÍA Y SERVICIOS GENERALES;;;
v;;421M;;Dirección y Servicios Generales de Energía, Turismo y Agenda Digital;;;
v;;;1;GASTOS DE PERSONAL;;;
v;;;10;Altos cargos;;191,11;
;;;100;Retribuciones básicas y otras remuneraciones;;191,11;
;;;10000; Retribuciones básicas;105,30;;
;;;10001; Retribuciones complementarias;85,81;;
v;;;11;Personal eventual;;420,35;
;;;110;Retribuciones básicas y otras remuneraciones;;420,35;
;;;11000; Retribuciones básicas;162,77;;
;;;11001; Retribuciones complementarias;257,58;;
v;;;12;Funcionarios;;10.432,52;
;;;120;Retribuciones básicas;;5.040,17;
;;;12000; Sueldos del grupo A1 y grupo A;819,95;;
;;;12001; Sueldos del grupo A2 y grupo B;708,99;;
;;;12002; Sueldos del grupo C1 y grupo C;794,13;;
;;;12003; Sueldos del grupo C2 y grupo D;530,19;;
;;;12004; Sueldos del personal de agrupaciones profesionales y grupo E;19,94;;
;;;12005; Trienios;1.219,01;;
;;;12006; Pagas extraordinarias;947,96;;
;;;121;Retribuciones complementarias;;4.596,63;
;;;12100; Complemento de destino;2.011,29;;
;;;12101; Complemento específico;2.585,34;;
;;;123;Indemnizaciones percibidas por destino en el extranjero;;638,72;
;;;12300; Indemnización por destino en el extranjero;638,72;;
;;;124;Retribuciones de funcionarios en prácticas;;157,00;
v;;;13;Laborales;;2.767,31;
;;;130;Laboral fijo;;2.752,91;
;;;13000; Retribuciones básicas;2.551,02;;
;;;13001; Otras remuneraciones;201,89;;
;;;131;Laboral eventual;;14,40;
v;;;15;Incentivos al rendimiento;;4.716,17;
;;;150;Productividad;;4.605,18;
;;;151;Gratificaciones;;110,99;
v;;;16;Cuotas, prestaciones y gastos sociales a cargo del empleador;;3.459,85;
;;;160;Cuotas sociales;;1.851,61;
v;;;16000; Seguridad Social;1.795,61;;
;;;16009; Otras;56,00;;
;;;162;Gastos sociales del personal;;1.608,24;
v;;;16200; Formación y perfeccionamiento del personal;360,19;;
;;;16201; Economatos y comedores;70,48;;
v;;;16204; Acción social;349,99;;
;;;16205; Seguros;158,58;;
;;;16209; Otros;669,00;;
;;;;TOTAL GASTOS DE PERSONAL;;21.987,31;
 ; ;;;;;;
v;;;2;GASTOS CORRIENTES EN BIENES Y SERVICIOS;;;
v;;;20;Arrendamientos y cánones;;785,17;
v;;;202;Arrendamientos de edificios y otras construcciones;;760,20;
;;;203;Arrendamientos de maquinaria, instalaciones y utillaje;;15,06;
;;;205;Arrendamientos de mobiliario y enseres;;9,33;
;;;206;Arrendamientos de equipos para procesos de información;;0,58;
v;;;21;Reparaciones, mantenimiento y conservación;;4.039,61;
;;;212;Edificios y otras construcciones;;304,83;
;;;213;Maquinaria, instalaciones y utillaje;;1.615,79;
;;;214;Elementos de transporte;;59,34;
;;;215;Mobiliario y enseres;;106,78;
;;;216;Equipos para procesos de la información;;1.952,87;
v;;;22;Material, suministros y otros;;9.483,45;
;;;220;Material de oficina;;469,79;
;;;22000; Ordinario no inventariable;239,78;;
;;;22001; Prensa, revistas, libros y otras publicaciones;87,74;;
;;;22002; Material informático no inventariable;142,27;;
;;;221;Suministros;;2.795,00;
;;;22100; Energía eléctrica;842,64;;
;;;22101; Agua;88,10;;
;;;22102; Gas;50,37;;
;;;22103; Combustible;1.199,00;;
;;;22104; Vestuario;48,87;;
;;;22106; Productos farmacéuticos y material sanitario;5,83;;
v;;;22109; Labores Fábrica Nacional Moneda y Timbre;21,03;;
;;;22111; Suministros de repuestos de maquinaria, utillaje y elementos de transporte;129,97;;
;;;22112; Suministros de material electrónico, eléctrico y de comunicaciones;175,45;;
;;;22199; Otros suministros;233,74;;
;;;222;Comunicaciones;;109,74;
;;;22200; Servicios de telecomunicaciones;1,00;;
;;;22201; Postales y mensajería;108,74;;
;;;223;Transportes;;108,45;
;;;224;Primas de seguros;;10,36;
;;;225;Tributos;;1.798,60;
;;;22502; Locales;1.798,60;;
;;;226;Gastos diversos;;1.639,09;
v;;;22601; Atenciones protocolarias y representativas;45,80;;
;;;22602; Publicidad y propaganda;39,47;;
;;;22603; Jurídicos, contenciosos;1.366,50;;
;;;22606; Reuniones, conferencias y cursos;125,95;;
;;;22607; Oposiciones y pruebas selectivas;20,87;;
;;;22699; Otros;40,50;;
;;;227;Trabajos realizados por otras empresas y profesionales;;2.552,42;
;;;22700; Limpieza y aseo;668,18;;
;;;22701; Seguridad;1.568,73;;
;;;22704; Custodia, depósito y almacenaje;3,15;;
;;;22706; Estudios y trabajos técnicos;218,72;;
;;;22799; Otros;93,64;;
v;;;23;Indemnizaciones por razón del servicio;;810,97;
;;;230;Dietas;;303,78;
;;;231;Locomoción;;382,87;
;;;232;Traslado;;28,24;
;;;233;Otras indemnizaciones;;96,08;
;;;;TOTAL GASTOS CORRIENTES EN BIENES Y SERVICIOS;;15.119,20;
 ; ;;;;;;
v;;;3;GASTOS FINANCIEROS;;;
v;;;35;Intereses de demora y otros gastos financieros;;1,00;
v;;;352;Intereses de demora;;1,00;
;;;;TOTAL GASTOS FINANCIEROS;;1,00;
 ; ;;;;;;
v;;;4;TRANSFERENCIAS CORRIENTES;;;
v;;;44;A Sociedades, Entidades Públicas Empresariales, Fundaciones y resto de entidades del Sector Público Estatal;;1.827,32;
v;;;441;A la Fundación Escuela de Organización Industrial para actuaciones financiadas con fondos comunitarios;;1.648,97;
v;;;443;A la Fundación Centro Nacional del Vidrio. Real Fábrica de Cristales de La Granja;;178,35;
v;;;45;A Comunidades Autónomas;;310,00;
v;;;451;Para subvencionar a plantas potabilizadoras de agua en Canarias;;310,00;
v;;;46;A Entidades Locales;;4.895,00;
v;;;461;Para subvencionar a plantas potabilizadoras de agua en Canarias;;1.895,00;
v;;;462;Para subvencionar a plantas potabilizadoras de agua en Canarias y extracción de agua de pozos para el riego agrícola;;3.000,00;
v;;;47;A empresas privadas;;6.000,00;
v;;;471;Para subvencionar a plantas potabilizadoras de agua en Canarias;;3.000,00;
v;;;472;Para subvencionar a plantas potabilizadoras de agua en Canarias y a comunidades de pozos para el riego agrícola;;3.000,00;
v;;;48;A familias e instituciones sin fines de lucro;;150,75;
v;;;480;Para concesión de becas, asistencia a congresos, cursos, seminarios y otras subvenciones;;137,37;
v;;;481;Para premios a la innovación;;13,38;
;;;;TOTAL TRANSFERENCIAS CORRIENTES;;13.183,07;
 ; ;;;;;;
v;;;6;INVERSIONES REALES;;;
;;;62;Inversión nueva asociada al funcionamiento operativo de los servicios;;521,03;
;;;620;Inversión nueva asociada al funcionamiento operativo de los servicios;;521,03;
;;;63;Inversión de reposición asociada al funcionamiento operativo de los servicios;;2.971,18;
;;;630;Inversión de reposición asociada al funcionamiento operativo de los servicios;;2.971,18;
;;;64;Gastos de inversiones de carácter inmaterial;;4.406,12;
;;;640;Gastos en inversiones de carácter inmaterial;;4.406,12;
;;;;TOTAL INVERSIONES REALES;;7.898,33;
 ; ;;;;;;
v;;;7;TRANSFERENCIAS DE CAPITAL;;;
v;;;76;A Entidades Locales;;1.000,00;
v;;;764;Al Ayuntamiento de León para la construcción y equipamiento del Palacio de Congresos;;1.000,00;
;;;;TOTAL TRANSFERENCIAS DE CAPITAL;;1.000,00;
 ; ;;;;;;
v;;;8;ACTIVOS FINANCIEROS;;;
v;;;83;Concesión de préstamos fuera del Sector Público;;158,67;
v;;;830;Préstamos a corto plazo;;10,62;
;;;83008; Familias e instituciones sin fines de lucro;10,62;;
v;;;831;Préstamos a largo plazo;;148,05;
;;;83108; Familias e instituciones sin fines de lucro;148,05;;
;;;;TOTAL ACTIVOS FINANCIEROS;;158,67;
 ; ;;;;;;
;;;;TOTAL Dirección y Servicios Generales de Energía, Turismo y Agenda Digital;;59.347,58;
 ; ;;;;;;
;;;;TOTAL MINISTERIO, SUBSECRETARÍA Y SERVICIOS GENERALES;;59.347,58;
 ; ;;;;;;
 ; ;;;;;;
v;02;;;SECRETARÍA GENERAL TÉCNICA;;;
v;;421M;;Dirección y Servicios Generales de Energía, Turismo y Agenda Digital;;;
v;;;1;GASTOS DE PERSONAL;;;
v;;;10;Altos cargos;;55,75;
;;;100;Retribuciones básicas y otras remuneraciones;;55,75;
;;;10000; Retribuciones básicas;17,27;;
;;;10001; Retribuciones complementarias;38,48;;
v;;;12;Funcionarios;;3.540,80;
;;;120;Retribuciones básicas;;1.743,04;
;;;12000; Sueldos del grupo A1 y grupo A;430,13;;
;;;12001; Sueldos del grupo A2 y grupo B;232,46;;
;;;12002; Sueldos del grupo C1 y grupo C;139,63;;
;;;12003; Sueldos del grupo C2 y grupo D;246,95;;
;;;12004; Sueldos del personal de agrupaciones profesionales y grupo E;6,65;;
;;;12005; Trienios;346,21;;
;;;12006; Pagas extraordinarias;341,01;;
;;;121;Retribuciones complementarias;;1.797,76;
;;;12100; Complemento de destino;757,60;;
;;;12101; Complemento específico;1.040,16;;
v;;;13;Laborales;;223,96;
;;;130;Laboral fijo;;223,96;
;;;13000; Retribuciones básicas;194,52;;
;;;13001; Otras remuneraciones;29,44;;
v;;;16;Cuotas, prestaciones y gastos sociales a cargo del empleador;;295,48;
;;;160;Cuotas sociales;;295,48;
v;;;16000; Seguridad Social;295,48;;
;;;;TOTAL GASTOS DE PERSONAL;;4.115,99;
 ; ;;;;;;
v;;;2;GASTOS CORRIENTES EN BIENES Y SERVICIOS;;;
v;;;22;Material, suministros y otros;;1,81;
;;;226;Gastos diversos;;1,81;
v;;;22601; Atenciones protocolarias y representativas;1,81;;
;;;;TOTAL GASTOS CORRIENTES EN BIENES Y SERVICIOS;;1,81;
 ; ;;;;;;
;;;;TOTAL Dirección y Servicios Generales de Energía, Turismo y Agenda Digital;;4.117,80;
 ; ;;;;;;
v;;921U;;Publicaciones;;;
v;;;2;GASTOS CORRIENTES EN BIENES Y SERVICIOS;;;
v;;;22;Material, suministros y otros;;14,78;
;;;226;Gastos diversos;;1,67;
;;;22699; Otros;1,67;;
;;;227;Trabajos realizados por otras empresas y profesionales;;13,11;
;;;22706; Estudios y trabajos técnicos;13,11;;
v;;;24;Gastos de publicaciones;;83,56;
;;;240;Gastos de edición y distribución;;83,56;
;;;;TOTAL GASTOS CORRIENTES EN BIENES Y SERVICIOS;;98,34;
 ; ;;;;;;
;;;;TOTAL Publicaciones;;98,34;
 ; ;;;;;;
;;;;TOTAL SECRETARÍA GENERAL TÉCNICA;;4.216,14;
 ; ;;;;;;
 ; ;;;;;;
v;04;;;SECRETARÍA DE ESTADO DE TURISMO;;;
v;;432A;;Coordinación y promoción del turismo;;;
v;;;1;GASTOS DE PERSONAL;;;
v;;;10;Altos cargos;;73,34;
;;;100;Retribuciones básicas y otras remuneraciones;;73,34;
;;;10000; Retribuciones básicas;18,18;;
;;;10001; Retribuciones complementarias;55,16;;
v;;;11;Personal eventual;;203,81;
;;;110;Retribuciones básicas y otras remuneraciones;;203,81;
;;;11000; Retribuciones básicas;72,91;;
;;;11001; Retribuciones complementarias;130,90;;
v;;;12;Funcionarios;;1.866,64;
;;;120;Retribuciones básicas;;907,27;
;;;12000; Sueldos del grupo A1 y grupo A;255,39;;
;;;12001; Sueldos del grupo A2 y grupo B;127,85;;
;;;12002; Sueldos del grupo C1 y grupo C;61,09;;
;;;12003; Sueldos del grupo C2 y grupo D;123,47;;
;;;12005; Trienios;165,00;;
;;;12006; Pagas extraordinarias;174,47;;
;;;121;Retribuciones complementarias;;959,37;
;;;12100; Complemento de destino;410,53;;
;;;12101; Complemento específico;548,84;;
v;;;13;Laborales;;22,27;
;;;130;Laboral fijo;;22,27;
;;;13000; Retribuciones básicas;21,10;;
;;;13001; Otras remuneraciones;1,17;;
v;;;16;Cuotas, prestaciones y gastos sociales a cargo del empleador;;246,08;
;;;160;Cuotas sociales;;246,08;
v;;;16000; Seguridad Social;246,08;;
;;;;TOTAL GASTOS DE PERSONAL;;2.412,14;
 ; ;;;;;;
v;;;2;GASTOS CORRIENTES EN BIENES Y SERVICIOS;;;
v;;;22;Material, suministros y otros;;390,31;
;;;226;Gastos diversos;;90,31;
v;;;22601; Atenciones protocolarias y representativas;5,31;;
;;;22606; Reuniones, conferencias y cursos;85,00;;
;;;227;Trabajos realizados por otras empresas y profesionales;;300,00;
;;;22706; Estudios y trabajos técnicos;300,00;;
v;;;23;Indemnizaciones por razón del servicio;;88,86;
;;;230;Dietas;;30,10;
;;;231;Locomoción;;58,76;
;;;;TOTAL GASTOS CORRIENTES EN BIENES Y SERVICIOS;;479,17;
 ; ;;;;;;
v;;;4;TRANSFERENCIAS CORRIENTES;;;
v;;;49;Al exterior;;92,00;
v;;;491;Cuota a la Organización Mundial del Turismo;;92,00;
;;;;TOTAL TRANSFERENCIAS CORRIENTES;;92,00;
 ; ;;;;;;
v;;;6;INVERSIONES REALES;;;
;;;64;Gastos de inversiones de carácter inmaterial;;1.686,70;
;;;640;Gastos en inversiones de carácter inmaterial;;1.686,70;
;;;;TOTAL INVERSIONES REALES;;1.686,70;
 ; ;;;;;;
v;;;7;TRANSFERENCIAS DE CAPITAL;;;
v;;;74;A Sociedades, Entidades Públicas Empresariales, Fundaciones y resto de entidades del Sector Público Estatal;;2.498,60;
v;;;742;Al ICO para tipos de interés de préstamos concedidos al amparo del Plan Renove Turismo 2009, incluidas obligaciones de ejercicios anteriores;;2.118,04;
v;;;743;Al ICO para tipos de interés de préstamos concedidos al amparo del Plan FuturE 2009, incluidas obligaciones de ejercicios anteriores;;380,56;
v;;;75;A Comunidades Autónomas;;8.000,00;
v;;;750;Convenio Administración General del Estado y Comunidad Autónoma de Canarias para la rehabilitación de infraestructura y equipamiento en zonas turísticas;;5.000,00;
v;;;751;Convenio Administración General del Estado y Comunidad Autónoma de Canarias para la rehabilitación de infraestructura y equipamiento en zonas turísticas. La Palma, La Gomera y El Hierro;;3.000,00;
v;;;76;A Entidades Locales;;6.400,00;
v;;;760;Al Ayuntamiento de Yaiza (Las Palmas) para la rehabilitación de espacios e infraestructuras turísticas en Playa Blanca;;2.900,00;
v;;;762;Planes de recualificación integral de destinos turísticos;;1.000,00;
v;;;764;A la Mancomunidad de Municipios de la Costa del Sol Occidental para la puesta en marcha del Plan de Adecuación Turística de la Costa del Sol Occidental;;500,00;
v;;;765;Al Cabildo de Tenerife para rehabilitación de infraestructuras turísticas maduras (Puerto de la Cruz);;1.000,00;
v;;;767;Al Ayuntamiento de Mogán (Las Palmas) para rehabilitación de infraestructuras turísticas maduras;;500,00;
v;;;768;Al Consorcio Urbanístico para la rehabilitación de las zonas turísticas de San Agustín, Playa del Inglés y Maspalomas para la rehabilitación de infraestructuras turísticas maduras;;500,00;
v;;;78;A familias e instituciones sin fines de lucro;;530,00;
v;;;786;Programas de Colaboración con Actores Sociales de Turismo;;530,00;
v;;;78601; A la Asociación de Educación Ambiental y del Consumidor (AEDEAC) para financiar la campaña anual de Banderas Azules;35,00;;
v;;;78602; A la Asociación ACEVIN (Rutas del vino);35,00;;
v;;;78603; A la Asociación Saborea España;50,00;;
v;;;78605; A la Federación Española de Municipios y Provincias (FEMP) - Proyecto Spain Convention Bureau;25,00;;
v;;;78606; A la Asociación Cluster Español de Turismo de Salud;45,00;;
v;;;78608; Al Instituto Tecnológico Hotelero;80,00;;
v;;;78611; Al Instituto de Calidad Turística Española (ICTE);200,00;;
v;;;78612; A la Asociación Grupo de las Ciudades Patrimonio de la Humanidad de España;30,00;;
v;;;78613; A la Asociación Agrupación Empresarial Innovadora Ecoturismo Responsable en la Biosfera (AEI TUREBE);30,00;;
;;;;TOTAL TRANSFERENCIAS DE CAPITAL;;17.428,60;
 ; ;;;;;;
v;;;8;ACTIVOS FINANCIEROS;;;
v;;;83;Concesión de préstamos fuera del Sector Público;;216.014,70;
v;;;833;Líneas de préstamos a empresas del sector turístico;;216.014,70;
;;;83301; Líneas de financiación para jóvenes emprendedores en turismo;30.000,00;;
;;;83302; Líneas de financiación para empresas del sector turístico;78.014,70;;
;;;83303; Líneas de financiación para escuelas de hostelería;34.000,00;;
;;;83304; Líneas de financiación para internacionalización de empresas turísticas;74.000,00;;
v;;;87;Aportaciones patrimoniales;;5,37;
v;;;871;Fondo Financiero del Estado para la Modernización de las Infraestructuras Turísticas Maduras (FOMIT);;5,37;
;;;;TOTAL ACTIVOS FINANCIEROS;;216.020,07;
 ; ;;;;;;
;;;;TOTAL Coordinación y promoción del turismo;;238.118,68;
 ; ;;;;;;
v;;467C;;Investigación y desarrollo tecnológico-industrial;;;
v;;;4;TRANSFERENCIAS CORRIENTES;;;
v;;;44;A Sociedades, Entidades Públicas Empresariales, Fundaciones y resto de entidades del Sector Público Estatal;;500,00;
v;;;440;A la Sociedad Estatal para la Gestión de la Innovación y las Tecnologías Turísticas, S.A. (SEGITTUR);;500,00;
;;;;TOTAL TRANSFERENCIAS CORRIENTES;;500,00;
 ; ;;;;;;
v;;;7;TRANSFERENCIAS DE CAPITAL;;;
v;;;74;A Sociedades, Entidades Públicas Empresariales, Fundaciones y resto de entidades del Sector Público Estatal;;2.400,00;
v;;;741;A la Sociedad Estatal para la Gestión de la Innovación y las Tecnologías Turísticas, S.A. (SEGITTUR);;2.400,00;
;;;;TOTAL TRANSFERENCIAS DE CAPITAL;;2.400,00;
 ; ;;;;;;
;;;;TOTAL Investigación y desarrollo tecnológico-industrial;;2.900,00;
 ; ;;;;;;
v;;000X;;Transferencias internas;;;
v;;;4;TRANSFERENCIAS CORRIENTES;;;
v;;;41;A Organismos Autónomos;;31.768,99;
v;;;411;Al Instituto de Turismo de España;;31.768,99;
v;;;41100; Al Instituto de Turismo de España;31.768,99;;
;;;;TOTAL TRANSFERENCIAS CORRIENTES;;31.768,99;
 ; ;;;;;;
v;;;7;TRANSFERENCIAS DE CAPITAL;;;
v;;;71;A Organismos Autónomos;;29.949,87;
v;;;713;Al Instituto de Turismo de España;;29.949,87;
;;;;TOTAL TRANSFERENCIAS DE CAPITAL;;29.949,87;
 ; ;;;;;;
;;;;TOTAL Transferencias internas;;61.718,86;
 ; ;;;;;;
;;;;TOTAL SECRETARÍA DE ESTADO DE TURISMO;;302.737,54;
 ; ;;;;;;
 ; ;;;;;;
v;12;;;SECRETARÍA DE ESTADO PARA LA SOCIEDAD DE LA INFORMACIÓN Y LA AGENDA DIGITAL;;;
v;;421M;;Dirección y Servicios Generales de Energía, Turismo y Agenda Digital;;;
v;;;1;GASTOS DE PERSONAL;;;
v;;;10;Altos cargos;;73,34;
;;;100;Retribuciones básicas y otras remuneraciones;;73,34;
;;;10000; Retribuciones básicas;18,18;;
;;;10001; Retribuciones complementarias;55,16;;
v;;;11;Personal eventual;;203,82;
;;;110;Retribuciones básicas y otras remuneraciones;;203,82;
;;;11000; Retribuciones básicas;72,91;;
;;;11001; Retribuciones complementarias;130,91;;
v;;;12;Funcionarios;;1.982,34;
;;;120;Retribuciones básicas;;988,28;
;;;12000; Sueldos del grupo A1 y grupo A;215,07;;
;;;12001; Sueldos del grupo A2 y grupo B;116,23;;
;;;12002; Sueldos del grupo C1 y grupo C;174,54;;
;;;12003; Sueldos del grupo C2 y grupo D;123,47;;
;;;12005; Trienios;167,00;;
;;;12006; Pagas extraordinarias;191,97;;
;;;121;Retribuciones complementarias;;994,06;
;;;12100; Complemento de destino;438,48;;
;;;12101; Complemento específico;555,58;;
v;;;16;Cuotas, prestaciones y gastos sociales a cargo del empleador;;92,28;
;;;160;Cuotas sociales;;92,28;
v;;;16000; Seguridad Social;92,28;;
;;;;TOTAL GASTOS DE PERSONAL;;2.351,78;
 ; ;;;;;;
v;;;2;GASTOS CORRIENTES EN BIENES Y SERVICIOS;;;
v;;;22;Material, suministros y otros;;69,12;
;;;220;Material de oficina;;60,00;
;;;22001; Prensa, revistas, libros y otras publicaciones;60,00;;
;;;222;Comunicaciones;;3,12;
;;;22200; Servicios de telecomunicaciones;3,12;;
;;;226;Gastos diversos;;6,00;
v;;;22601; Atenciones protocolarias y representativas;6,00;;
v;;;23;Indemnizaciones por razón del servicio;;675,38;
;;;230;Dietas;;99,65;
;;;231;Locomoción;;571,98;
;;;233;Otras indemnizaciones;;3,75;
;;;;TOTAL GASTOS CORRIENTES EN BIENES Y SERVICIOS;;744,50;
 ; ;;;;;;
;;;;TOTAL Dirección y Servicios Generales de Energía, Turismo y Agenda Digital;;3.096,28;
 ; ;;;;;;
v;;467G;;Investigación y desarrollo de la Sociedad de la Información;;;
v;;;1;GASTOS DE PERSONAL;;;
v;;;12;Funcionarios;;1.416,14;
;;;120;Retribuciones básicas;;683,33;
;;;12000; Sueldos del grupo A1 y grupo A;215,07;;
;;;12001; Sueldos del grupo A2 y grupo B;58,11;;
;;;12002; Sueldos del grupo C1 y grupo C;104,72;;
;;;12003; Sueldos del grupo C2 y grupo D;65,37;;
;;;12005; Trienios;107,00;;
;;;12006; Pagas extraordinarias;133,06;;
;;;121;Retribuciones complementarias;;732,81;
;;;12100; Complemento de destino;312,51;;
;;;12101; Complemento específico;420,30;;
v;;;13;Laborales;;107,28;
;;;130;Laboral fijo;;107,28;
;;;13000; Retribuciones básicas;91,33;;
;;;13001; Otras remuneraciones;15,95;;
v;;;16;Cuotas, prestaciones y gastos sociales a cargo del empleador;;58,00;
;;;160;Cuotas sociales;;58,00;
v;;;16000; Seguridad Social;58,00;;
;;;;TOTAL GASTOS DE PERSONAL;;1.581,42;
 ; ;;;;;;
v;;;4;TRANSFERENCIAS CORRIENTES;;;
v;;;44;A Sociedades, Entidades Públicas Empresariales, Fundaciones y resto de entidades del Sector Público Estatal;;187,84;
v;;;442;A Red.es para Plan Extremadura;;187,84;
v;;;46;A Entidades Locales;;1.000,00;
v;;;461;Al Cabildo de Gran Canaria para el desarrollo de un programa integral para convertir a Gran Canaria en una referencia piloto para el desarrollo de la Agenda Digital Española y de las directrices de la Unión Europea sobre islas inteligentes;;1.000,00;
v;;;49;Al exterior;;5,00;
v;;;499;A la Iniciativa Ambient Asistent Living Association (AAL);;5,00;
;;;;TOTAL TRANSFERENCIAS CORRIENTES;;1.192,84;
 ; ;;;;;;
v;;;6;INVERSIONES REALES;;;
;;;64;Gastos de inversiones de carácter inmaterial;;1.092,57;
;;;640;Gastos en inversiones de carácter inmaterial;;1.092,57;
;;;;TOTAL INVERSIONES REALES;;1.092,57;
 ; ;;;;;;
v;;;7;TRANSFERENCIAS DE CAPITAL;;;
;;;74;A Sociedades, Entidades Públicas Empresariales, Fundaciones y resto de entidades del Sector Público Estatal;;931,68;
;;;740;Agenda Digital para España - Competitividad e Innovación en Telecomunicaciones y Sociedad de la Información;;931,68;
;;;75;A Comunidades Autónomas;;1.693,97;
;;;750;Agenda Digital para España - Competitividad e Innovación en Telecomunicaciones y Sociedad de la Información;;1.693,97;
;;;76;A Entidades Locales;;6.685,76;
;;;760;Agenda Digital para España - Competitividad e Innovación en Telecomunicaciones y Sociedad de la Información;;1.185,76;
v;;;761;Al Cabildo de Gran Canaria para el desarrollo de un programa integral para convertir a Gran Canaria en una referencia piloto para el desarrollo de la Agenda Digital Española y de las directrices de la Unión Europea sobre islas inteligentes;;5.500,00;
;;;77;A empresas privadas;;19.978,52;
;;;770;Agenda Digital para España - Competitividad e Innovación en Telecomunicaciones y Sociedad de la Información;;17.209,55;
;;;779;Agenda Digital para España;;2.768,97;
;;;78;A familias e instituciones sin fines de lucro;;2.540,95;
;;;780;Agenda Digital para España - Competitividad e Innovación en Telecomunicaciones y Sociedad de la Información;;2.540,95;
;;;;TOTAL TRANSFERENCIAS DE CAPITAL;;31.830,88;
 ; ;;;;;;
v;;;8;ACTIVOS FINANCIEROS;;;
v;;;83;Concesión de préstamos fuera del Sector Público;;67.596,56;
v;;;831;Préstamos a largo plazo;;67.596,56;
;;;83110; Agenda Digital para España - Competitividad e Innovación en Telecomunicaciones y Sociedad de la Información;33.842,18;;
;;;83113; Agenda Digital para España;33.754,38;;
;;;;TOTAL ACTIVOS FINANCIEROS;;67.596,56;
 ; ;;;;;;
;;;;TOTAL Investigación y desarrollo de la Sociedad de la Información;;103.294,27;
 ; ;;;;;;
v;;467I;;Innovación tecnológica de las telecomunicaciones;;;
v;;;1;GASTOS DE PERSONAL;;;
v;;;12;Funcionarios;;1.782,61;
;;;120;Retribuciones básicas;;854,46;
;;;12000; Sueldos del grupo A1 y grupo A;322,60;;
;;;12001; Sueldos del grupo A2 y grupo B;92,98;;
;;;12002; Sueldos del grupo C1 y grupo C;69,81;;
;;;12003; Sueldos del grupo C2 y grupo D;72,63;;
;;;12005; Trienios;139,00;;
;;;12006; Pagas extraordinarias;157,44;;
;;;121;Retribuciones complementarias;;928,15;
;;;12100; Complemento de destino;391,53;;
;;;12101; Complemento específico;536,62;;
v;;;16;Cuotas, prestaciones y gastos sociales a cargo del empleador;;117,00;
;;;160;Cuotas sociales;;117,00;
v;;;16000; Seguridad Social;117,00;;
;;;;TOTAL GASTOS DE PERSONAL;;1.899,61;
 ; ;;;;;;
v;;;3;GASTOS FINANCIEROS;;;
v;;;35;Intereses de demora y otros gastos financieros;;75,00;
v;;;359;Otros gastos financieros;;75,00;
;;;;TOTAL GASTOS FINANCIEROS;;75,00;
 ; ;;;;;;
v;;;4;TRANSFERENCIAS CORRIENTES;;;
v;;;44;A Sociedades, Entidades Públicas Empresariales, Fundaciones y resto de entidades del Sector Público Estatal;;840,00;
v;;;441;A la Fundación Residencia de Estudiantes para gastos de funcionamiento y desarrollo de la Sociedad de la Información;;120,00;
v;;;443;A Red.es para la Oficina Técnica de apoyo a la Red Española de Ciudades Inteligentes (RECI);;70,00;
v;;;444;A Red.es para soporte a FEMP en el ámbito de Ciudades y Territorios Inteligentes;;30,00;
v;;;446;A Red.es;;400,00;
v;;;448;Al Instituto Nacional de Ciberseguridad (INCIBE). Plan León;;220,00;
v;;;48;A familias e instituciones sin fines de lucro;;80,00;
v;;;485;A AENOR (Cuota participación en comités de Smart Cities y factura electrónica);;80,00;
;;;;TOTAL TRANSFERENCIAS CORRIENTES;;920,00;
 ; ;;;;;;
v;;;6;INVERSIONES REALES;;;
;;;64;Gastos de inversiones de carácter inmaterial;;8.325,07;
;;;640;Gastos en inversiones de carácter inmaterial;;8.325,07;
;;;;TOTAL INVERSIONES REALES;;8.325,07;
 ; ;;;;;;
v;;;7;TRANSFERENCIAS DE CAPITAL;;;
;;;74;A Sociedades, Entidades Públicas Empresariales, Fundaciones y resto de entidades del Sector Público Estatal;;4.000,00;
v;;;746;A Red.es;;500,00;
v;;;747;A ICEX;;500,00;
v;;;748;Al Instituto Nacional de Ciberserguridad (INCIBE). Plan León;;3.000,00;
;;;75;A Comunidades Autónomas;;1.734,94;
;;;759;Agenda Digital para España;;1.734,94;
;;;76;A Entidades Locales;;8.576,30;
v;;;768;A la Fundación Barcelona Mobile World Capital;;5.000,00;
;;;769;Agenda Digital para España;;3.576,30;
;;;77;A empresas privadas;;32.026,39;
;;;772;Agenda Digital para España - Formación Profesionales;;165,58;
;;;773;Agenda Digital para España - Formación Usuarios;;135,42;
;;;775;Agenda Digital para España. Fondos destinados con carácter prioritario al desarrollo del Programa Nacional de extensión de la banda ancha de nueva generación en Canarias;;687,50;
;;;776;Agenda Digital para España - Impulso de la Industria del Lenguaje Natural;;3.000,00;
;;;778;Agenda Digital para España - Internacionalización del Sector de las Comunicaciones y de la Sociedad de la Información;;457,83;
;;;779;Agenda Digital para España;;27.580,06;
;;;78;A familias e instituciones sin fines de lucro;;927,97;
;;;781;Agenda Digital para España - Arte PYME;;28,50;
;;;783;Agenda Digital para España - Consolidación ciudadanía;;418,14;
;;;784;Agenda Digital para España - Formación Profesionales;;22,49;
;;;785;Agenda Digital para España - Formación Usuarios;;134,35;
;;;789;Agenda Digital para España;;324,49;
;;;;TOTAL TRANSFERENCIAS DE CAPITAL;;47.265,60;
 ; ;;;;;;
v;;;8;ACTIVOS FINANCIEROS;;;
v;;;83;Concesión de préstamos fuera del Sector Público;;370.099,54;
v;;;831;Préstamos a largo plazo;;370.099,54;
;;;83112; Agenda Digital para España;334.799,94;;
;;;83114; Agenda Digital para España - Internacionalización del Sector de las Comunicaciones y de la Sociedad de la Información;30.000,00;;
;;;83115; Agenda Digital para España. Fondos destinados con carácter prioritario al desarrollo del Programa Nacional de extensión de la banda ancha de nueva generación en Canarias;5.299,60;;
v;;;87;Aportaciones patrimoniales;;107.175,63;
v;;;872;A Red.es para aportación de socio a INCIBE;;20.000,00;
v;;;876;A Red.es;;87.175,63;
;;;;TOTAL ACTIVOS FINANCIEROS;;477.275,17;
 ; ;;;;;;
;;;;TOTAL Innovación tecnológica de las telecomunicaciones;;535.760,45;
 ; ;;;;;;
v;;491M;;Ordenación y promoción de las telecomunicaciones y de la Sociedad de la Información;;;
v;;;1;GASTOS DE PERSONAL;;;
v;;;10;Altos cargos;;55,75;
;;;100;Retribuciones básicas y otras remuneraciones;;55,75;
;;;10000; Retribuciones básicas;17,27;;
;;;10001; Retribuciones complementarias;38,48;;
v;;;12;Funcionarios;;12.909,96;
;;;120;Retribuciones básicas;;6.900,41;
;;;12000; Sueldos del grupo A1 y grupo A;806,51;;
;;;12001; Sueldos del grupo A2 y grupo B;1.104,17;;
;;;12002; Sueldos del grupo C1 y grupo C;1.370,10;;
;;;12003; Sueldos del grupo C2 y grupo D;929,66;;
;;;12004; Sueldos del personal de agrupaciones profesionales y grupo E;19,94;;
;;;12005; Trienios;1.385,00;;
;;;12006; Pagas extraordinarias;1.285,03;;
;;;121;Retribuciones complementarias;;6.009,55;
;;;12100; Complemento de destino;2.677,99;;
;;;12101; Complemento específico;3.213,73;;
;;;12102; Indemnización por residencia;95,07;;
;;;12103; Otros complementos;22,76;;
v;;;13;Laborales;;2.236,22;
;;;130;Laboral fijo;;2.236,22;
;;;13000; Retribuciones básicas;1.996,49;;
;;;13001; Otras remuneraciones;234,73;;
;;;13002; Indemnización residencia Canarias;5,00;;
v;;;16;Cuotas, prestaciones y gastos sociales a cargo del empleador;;879,55;
;;;160;Cuotas sociales;;879,55;
v;;;16000; Seguridad Social;879,55;;
;;;;TOTAL GASTOS DE PERSONAL;;16.081,48;
 ; ;;;;;;
v;;;4;TRANSFERENCIAS CORRIENTES;;;
v;;;49;Al exterior;;2.684,78;
v;;;492;Para abonar las cuotas que se deriven del acuerdo firmado con el Instituto Europeo de Normas de Telecomunicaciones y (ETSI) y Digital Video Broadcasting (DVB);;175,00;
v;;;493;Para satisfacer las obligaciones que se deriven para España de nuestra participación en la Oficina Europea de Comunicaciones (ECO);;256,08;
v;;;494;Para satisfacer las obligaciones de la pertenencia de España a la Conferencia Europea de Administraciones Postales y de Telecomunicaciones (CEPT), así como abonar las cuotas de participación y servicios derivados del Acuerdo con la CEPT sobre motorización de telecomunicaciones por satélite, a través de la Oficina Europea de Radiocomunicaciones (ERO);;103,00;
v;;;495;Para satisfacer las obligaciones que se deriven para España del cumplimiento del Convenio Internacional de Telecomunicaciones (Nairobi 1982) y con la Secretaría General de la Unión Internacional de las Telecomunicaciones;;2.150,00;
v;;;496;Cuota a la Asociación para el Cumplimiento de los Equipos Radio y Terminales de Telecomunicación (R&TTE CA);;0,70;
;;;;TOTAL TRANSFERENCIAS CORRIENTES;;2.684,78;
 ; ;;;;;;
v;;;6;INVERSIONES REALES;;;
;;;62;Inversión nueva asociada al funcionamiento operativo de los servicios;;1.883,08;
;;;620;Inversión nueva asociada al funcionamiento operativo de los servicios;;1.883,08;
;;;63;Inversión de reposición asociada al funcionamiento operativo de los servicios;;856,00;
;;;630;Inversión de reposición asociada al funcionamiento operativo de los servicios;;856,00;
;;;64;Gastos de inversiones de carácter inmaterial;;6.919,43;
;;;640;Gastos en inversiones de carácter inmaterial;;6.919,43;
;;;;TOTAL INVERSIONES REALES;;9.658,51;
 ; ;;;;;;
v;;;7;TRANSFERENCIAS DE CAPITAL;;;
v;;;74;A Sociedades, Entidades Públicas Empresariales, Fundaciones y resto de entidades del Sector Público Estatal;;250,00;
v;;;746;A Red.es;;250,00;
;;;;TOTAL TRANSFERENCIAS DE CAPITAL;;250,00;
 ; ;;;;;;
;;;;TOTAL Ordenación y promoción de las telecomunicaciones y de la Sociedad de la Información;;28.674,77;
 ; ;;;;;;
;;;;TOTAL SECRETARÍA DE ESTADO PARA LA SOCIEDAD DE LA INFORMACIÓN Y LA AGENDA DIGITAL;;670.825,77;
 ; ;;;;;;
 ; ;;;;;;
v;18;;;SECRETARÍA DE ESTADO DE ENERGÍA;;;
v;;421M;;Dirección y Servicios Generales de Energía, Turismo y Agenda Digital;;;
v;;;1;GASTOS DE PERSONAL;;;
v;;;10;Altos cargos;;73,34;
;;;100;Retribuciones básicas y otras remuneraciones;;73,34;
;;;10000; Retribuciones básicas;18,18;;
;;;10001; Retribuciones complementarias;55,16;;
v;;;11;Personal eventual;;203,82;
;;;110;Retribuciones básicas y otras remuneraciones;;203,82;
;;;11000; Retribuciones básicas;72,91;;
;;;11001; Retribuciones complementarias;130,91;;
v;;;12;Funcionarios;;1.114,62;
;;;120;Retribuciones básicas;;499,09;
;;;12000; Sueldos del grupo A1 y grupo A;215,07;;
;;;12001; Sueldos del grupo A2 y grupo B;34,87;;
;;;12002; Sueldos del grupo C1 y grupo C;17,45;;
;;;12003; Sueldos del grupo C2 y grupo D;65,37;;
;;;12005; Trienios;73,00;;
;;;12006; Pagas extraordinarias;93,33;;
;;;121;Retribuciones complementarias;;615,53;
;;;12100; Complemento de destino;243,91;;
;;;12101; Complemento específico;371,62;;
v;;;16;Cuotas, prestaciones y gastos sociales a cargo del empleador;;68,86;
;;;160;Cuotas sociales;;68,86;
v;;;16000; Seguridad Social;68,86;;
;;;;TOTAL GASTOS DE PERSONAL;;1.460,64;
 ; ;;;;;;
v;;;2;GASTOS CORRIENTES EN BIENES Y SERVICIOS;;;
v;;;22;Material, suministros y otros;;6,99;
;;;226;Gastos diversos;;6,99;
v;;;22601; Atenciones protocolarias y representativas;6,99;;
v;;;23;Indemnizaciones por razón del servicio;;127,59;
;;;230;Dietas;;65,49;
;;;231;Locomoción;;62,10;
;;;;TOTAL GASTOS CORRIENTES EN BIENES Y SERVICIOS;;134,58;
 ; ;;;;;;
v;;;3;GASTOS FINANCIEROS;;;
v;;;35;Intereses de demora y otros gastos financieros;;2,80;
v;;;352;Intereses de demora;;2,80;
;;;;TOTAL GASTOS FINANCIEROS;;2,80;
 ; ;;;;;;
v;;;6;INVERSIONES REALES;;;
;;;64;Gastos de inversiones de carácter inmaterial;;56,25;
;;;640;Gastos en inversiones de carácter inmaterial;;56,25;
;;;;TOTAL INVERSIONES REALES;;56,25;
 ; ;;;;;;
;;;;TOTAL Dirección y Servicios Generales de Energía, Turismo y Agenda Digital;;1.654,27;
 ; ;;;;;;
v;;425A;;Normativa y desarrollo energético;;;
v;;;4;TRANSFERENCIAS CORRIENTES;;;
v;;;44;A Sociedades, Entidades Públicas Empresariales, Fundaciones y resto de entidades del Sector Público Estatal;;11.219,41;
v;;;442;Al IDAE. Gastos de estructura;;1.219,41;
v;;;443;Al IDAE. Para financiar las actuaciones de asistencia técnica y económica al Ministerio de Energía, Turismo y Agenda Digital, en procedimientos administrativos, judiciales o arbitrales (DA duodécima del Real Decreto-ley 20/2012);;10.000,00;
v;;;49;Al exterior;;230,00;
v;;;493;Carta de la Energía;;230,00;
;;;;TOTAL TRANSFERENCIAS CORRIENTES;;11.449,41;
 ; ;;;;;;
v;;;6;INVERSIONES REALES;;;
;;;64;Gastos de inversiones de carácter inmaterial;;4.328,34;
;;;640;Gastos en inversiones de carácter inmaterial;;4.328,34;
;;;;TOTAL INVERSIONES REALES;;4.328,34;
 ; ;;;;;;
v;;;7;TRANSFERENCIAS DE CAPITAL;;;
v;;;74;A Sociedades, Entidades Públicas Empresariales, Fundaciones y resto de entidades del Sector Público Estatal;;50.000,00;
v;;;741;Al IDAE. Para financiar actuaciones de apoyo a la movilidad energéticamente eficiente y sostenible;;50.000,00;
;;;;TOTAL TRANSFERENCIAS DE CAPITAL;;50.000,00;
 ; ;;;;;;
;;;;TOTAL Normativa y desarrollo energético;;65.777,75;
 ; ;;;;;;
v;;000X;;Transferencias internas;;;
v;;;4;TRANSFERENCIAS CORRIENTES;;;
v;;;41;A Organismos Autónomos;;238.571,22;
v;;;410;Al Centro de Investigaciones Energéticas, Medioambientales y Tecnológicas;;100,00;
v;;;412;Al Instituto para la Reestructuración de la Minería del Carbón y Desarrollo Alternativo de las Comarcas Mineras;;238.471,22;
v;;;43;A otras entidades del Sector Público Administrativo Estatal con presupuesto limitativo;;400,00;
v;;;436;Al Consejo de Seguridad Nuclear;;400,00;
;;;;TOTAL TRANSFERENCIAS CORRIENTES;;238.971,22;
 ; ;;;;;;
v;;;7;TRANSFERENCIAS DE CAPITAL;;;
v;;;71;A Organismos Autónomos;;34.977,49;
v;;;712;Al Instituto para la Reestructuración de la Minería del Carbón y Desarrollo Alternativo de las Comarcas Mineras;;34.977,49;
v;;;73;A otras entidades del Sector Público Administrativo Estatal con presupuesto limitativo;;3.746.000,00;
v;;;737;A la CNMC para financiar costes del sector eléctrico de acuerdo con el apartado b) de la disposición adicional segunda de la Ley 15/2012, de 27 de diciembre, de medidas fiscales para la sostenibilidad energética;;360.000,00;
v;;;738;A la CNMC para financiar costes del sector eléctrico de acuerdo con el apartado a) de la disposición adicional segunda de la Ley 15/2012, de 27 de diciembre, de medidas fiscales para la sostenibilidad energética;;2.650.000,00;
v;;;739;A la CNMC para atender el extracoste de generación al que se refiere la disposición adicional decimoquinta de la Ley 24/2013, de 26 de diciembre, del Sector Eléctrico;;736.000,00;
;;;;TOTAL TRANSFERENCIAS DE CAPITAL;;3.780.977,49;
 ; ;;;;;;
;;;;TOTAL Transferencias internas;;4.019.948,71;
 ; ;;;;;;
;;;;TOTAL SECRETARÍA DE ESTADO DE ENERGÍA;;4.087.380,73;
 ; ;;;;;;
 ; ;;;;;;
v;19;;;DIRECCIÓN GENERAL DE POLÍTICA ENERGÉTICA Y MINAS;;;
v;;423N;;Explotación minera;;;
v;;;1;GASTOS DE PERSONAL;;;
v;;;12;Funcionarios;;860,81;
;;;120;Retribuciones básicas;;405,48;
;;;12000; Sueldos del grupo A1 y grupo A;147,86;;
;;;12001; Sueldos del grupo A2 y grupo B;58,11;;
;;;12002; Sueldos del grupo C1 y grupo C;17,45;;
;;;12003; Sueldos del grupo C2 y grupo D;43,58;;
;;;12005; Trienios;61,00;;
;;;12006; Pagas extraordinarias;77,48;;
;;;121;Retribuciones complementarias;;455,33;
;;;12100; Complemento de destino;186,92;;
;;;12101; Complemento específico;268,41;;
v;;;16;Cuotas, prestaciones y gastos sociales a cargo del empleador;;19,40;
;;;160;Cuotas sociales;;19,40;
v;;;16000; Seguridad Social;19,40;;
;;;;TOTAL GASTOS DE PERSONAL;;880,21;
 ; ;;;;;;
v;;;2;GASTOS CORRIENTES EN BIENES Y SERVICIOS;;;
v;;;23;Indemnizaciones por razón del servicio;;35,28;
;;;230;Dietas;;14,57;
;;;231;Locomoción;;20,71;
;;;;TOTAL GASTOS CORRIENTES EN BIENES Y SERVICIOS;;35,28;
 ; ;;;;;;
v;;;4;TRANSFERENCIAS CORRIENTES;;;
v;;;48;A familias e instituciones sin fines de lucro;;14,25;
v;;;483;A las Cámaras Oficiales mineras por participación en la recaudación de la tasa 072, concepto 132.002. Ejercicio corriente.;;0,01;
v;;;484;A las Cámaras Oficiales mineras por participación en la recaudación de la tasa 072, concepto 132.002. Compromisos ejercicios anteriores.;;14,24;
v;;;49;Al exterior;;20,39;
v;;;492;Contribución de España al Grupo Internacional de Estudios del Cobre;;20,39;
;;;;TOTAL TRANSFERENCIAS CORRIENTES;;34,64;
 ; ;;;;;;
v;;;7;TRANSFERENCIAS DE CAPITAL;;;
v;;;75;A Comunidades Autónomas;;1.101,51;
v;;;751;Al Laboratorio Oficial Madariaga para actuaciones en calidad y seguridad;;1.001,51;
v;;;752;Al Instituto Nacional de Silicosis para actuaciones en salud y seguridad;;100,00;
v;;;77;A empresas privadas;;1.290,00;
v;;;777;Explotación, ordenación, productividad y seguridad minera;;1.290,00;
;;;77702; Seguridad minera;1.290,00;;
v;;;78;A familias e instituciones sin fines de lucro;;790,00;
v;;;781;Actuaciones de seguridad minera;;790,00;
;;;;TOTAL TRANSFERENCIAS DE CAPITAL;;3.181,51;
 ; ;;;;;;
;;;;TOTAL Explotación minera;;4.131,64;
 ; ;;;;;;
v;;425A;;Normativa y desarrollo energético;;;
v;;;1;GASTOS DE PERSONAL;;;
v;;;10;Altos cargos;;55,75;
;;;100;Retribuciones básicas y otras remuneraciones;;55,75;
;;;10000; Retribuciones básicas;17,27;;
;;;10001; Retribuciones complementarias;38,48;;
v;;;12;Funcionarios;;3.102,22;
;;;120;Retribuciones básicas;;1.439,37;
;;;12000; Sueldos del grupo A1 y grupo A;685,53;;
;;;12001; Sueldos del grupo A2 y grupo B;69,74;;
;;;12002; Sueldos del grupo C1 y grupo C;52,36;;
;;;12003; Sueldos del grupo C2 y grupo D;152,52;;
;;;12004; Sueldos del personal de agrupaciones profesionales y grupo E;6,65;;
;;;12005; Trienios;201,50;;
;;;12006; Pagas extraordinarias;271,07;;
;;;121;Retribuciones complementarias;;1.662,85;
;;;12100; Complemento de destino;678,95;;
;;;12101; Complemento específico;983,90;;
v;;;16;Cuotas, prestaciones y gastos sociales a cargo del empleador;;156,70;
;;;160;Cuotas sociales;;156,70;
v;;;16000; Seguridad Social;156,70;;
;;;;TOTAL GASTOS DE PERSONAL;;3.314,67;
 ; ;;;;;;
v;;;2;GASTOS CORRIENTES EN BIENES Y SERVICIOS;;;
v;;;22;Material, suministros y otros;;2,34;
;;;226;Gastos diversos;;2,34;
v;;;22601; Atenciones protocolarias y representativas;2,34;;
v;;;23;Indemnizaciones por razón del servicio;;112,29;
;;;230;Dietas;;46,32;
;;;231;Locomoción;;65,97;
;;;;TOTAL GASTOS CORRIENTES EN BIENES Y SERVICIOS;;114,63;
 ; ;;;;;;
v;;;4;TRANSFERENCIAS CORRIENTES;;;
v;;;47;A empresas privadas;;130.912,50;
v;;;471;Para compensación por costes adicionales derivados de la financiación del apoyo a la energía eléctrica procedente de fuentes renovables;;130.912,50;
v;;;49;Al exterior;;379,92;
v;;;497;Organismo Internacional de la Energía Atómica;;379,92;
;;;;TOTAL TRANSFERENCIAS CORRIENTES;;131.292,42;
 ; ;;;;;;
v;;;6;INVERSIONES REALES;;;
;;;64;Gastos de inversiones de carácter inmaterial;;1.387,50;
;;;640;Gastos en inversiones de carácter inmaterial;;1.387,50;
;;;;TOTAL INVERSIONES REALES;;1.387,50;
 ; ;;;;;;
;;;;TOTAL Normativa y desarrollo energético;;136.109,22;
 ; ;;;;;;
;;;;TOTAL DIRECCIÓN GENERAL DE POLÍTICA ENERGÉTICA Y MINAS;;140.240,86;
 ; ;;;;;;
 ; ;;;;;;
;;;;TOTAL MINISTERIO DE ENERGÍA, TURISMO Y AGENDA DIGITAL;;5.264.748,62;
;;



